<?xml version="1.0" encoding="UTF-8"?>
<!--Sample XML file generated by XMLSpy v2008 (http://www.altova.com)-->
<ConfigurationManager xsi:schemaLocation="http://com.att.api.framework/Namespace/common-configurationmanager/ConfigurationManager.xsd ConfigurationManager.xsd" xmlns="http://com.att.api.framework/Namespace/common-configurationmanager/ConfigurationManager.xsd" xmlns:xsi="http://www.w3.org/2001/XMLSchema-instance">
	<defaultNamespace>spm2.properties</defaultNamespace>	
	
	<configuration>
		<namespace>spm2.properties</namespace>
		<loaderClass>com.att.api.framework.common.filepropertyloader.FilePropertyLoader</loaderClass>
		<loaderConfigurationFilePath>./src/main/resources/propertyLoader/spm2PropertyLoader.properties</loaderConfigurationFilePath>
	</configuration>	
	<configuration>
		<namespace>WMQJMSAPPENDERLOGGING</namespace>
		<loaderClass>com.att.api.framework.common.filepropertyloader.FilePropertyLoader</loaderClass>
		<loaderConfigurationFilePath>./src/main/resources/propertyLoader/wmqLogLoader.properties</loaderConfigurationFilePath>
	</configuration>
</ConfigurationManager>
